"Date","Tournament","Finish Pos.","SG: Approach-the-Green","Greens in Regulation Percentage","Going for the Green","Going for the Green - Hit Green Pct.","Going for the Green - Birdie or Better","Proximity to Hole","Rough Proximity","Left Rough Proximity","Right Rough Proximity","Fairway Proximity","Approaches from > 275 yards","Approaches from 250-275 yards","Approaches from 225-250 yards","Approaches from 200-225 yards","Approaches from 50-75 yards","Approaches from 75-100 yards","Approaches from 100-125 yards","Approaches from 50-125 yards","Approaches from 125-150 yards","Approaches from 150-175 yards","Approaches from 175-200 yards","Approaches from > 200 yards","Approaches from > 275 yards (Rgh)","Approaches from 250-275 yards (Rgh)","Approaches from 225-250 yards (Rgh)","Approaches from 200-225 yards (Rgh)","Approaches from > 100 yards (Rgh)","Approaches from inside 100 yards (Rgh)","Approaches from > 200 yards (Rgh)","Approaches from 175-200 yards (Rgh)","Approaches from 150-175 yards (Rgh)","Approaches from 125-150 yards (Rgh)","Approaches from 50-125 yards (Rgh)","Approaches from 100-125 yards (Rgh)","Approaches from 75-100 yards (Rgh)","Approaches from 50-75 yards (Rgh)","Total Hole Outs","Longest Hole Outs (in yards)"
"1/27/2019","Farmers Insurance Open","CUT","-1.045","66.67","50.00",".00","50.00","39' 10""","50' 4""","51' 5""","43' 8""","33' 2""","91' 1""","36' 2""","60' 10""","36' 9""","-","-","11' 9""","11' 9""","5' 3""","19' 4""","28' 1""","52' 4""","-","-","-","-","56' 2""","15' 0""","-","101' 7""","9' 6""","34' 9""","55' 2""","55' 2""","-","-","-","-"
"1/13/2019","Sony Open in Hawaii","T22",".357","72.22","77.78","28.57","57.14","30' 7""","51' 5""","79' 7""","42' 9""","23' 3""","-","-","46' 8""","34' 6""","28' 4""","11' 9""","16' 3""","15' 8""","19' 5""","19' 3""","34' 10""","36' 0""","-","47' 3""","47' 7""","73' 7""","51' 5""","-","56' 2""","78' 3""","28' 5""","49' 4""","30' 3""","30' 3""","-","-","1","10"
"12/9/2018","(*) QBE Shootout","T11","-","-","-","-","-","-","-","-","-","-","-","-","-","-","-","-","-","-","-","-","-","-","-","-","-","-","-","-","-","-","-","-","-","-","-","-","-","-"
"11/25/2018","(*) ISPS Handa World Cup","T16","-","-","-","-","-","-","-","-","-","-","-","-","-","-","-","-","-","-","-","-","-","-","-","-","-","-","-","-","-","-","-","-","-","-","-","-","-","-"
"10/28/2018","WGC-HSBC Champions","T22","-","55.56","-","-","-","-","-","-","-","-","-","-","-","-","-","-","-","-","-","-","-","-","-","-","-","-","-","-","-","-","-","-","-","-","-","-","-","-"
"10/21/2018","THE CJ CUP @ NINE BRIDGES","66","-","75.00","-","-","-","-","-","-","-","-","-","-","-","-","-","-","-","-","-","-","-","-","-","-","-","-","-","-","-","-","-","-","-","-","-","-","-","-"
"10/14/2018","CIMB Classic","T13","-","77.78","-","-","-","-","-","-","-","-","-","-","-","-","-","-","-","-","-","-","-","-","-","-","-","-","-","-","-","-","-","-","-","-","-","-","-","-"
"9/23/2018","TOUR Championship","T15",".507","69.44","62.50","20.00","100.00","31' 4""","43' 7""","40' 9""","45' 11""","25' 4""","-","20' 1""","43' 10""","32' 3""","7' 10""","-","13' 3""","12' 6""","17' 0""","23' 7""","28' 6""","35' 5""","-","-","26' 8""","43' 9""","45' 4""","10' 2""","35' 3""","52' 9""","55' 10""","40' 5""","33' 0""","38' 9""","10' 2""","-","1","12"
"9/9/2018","BMW Championship","T45",".584","77.78","66.67","16.67","50.00","32' 11""","42' 11""","40' 8""","45' 1""","31' 9""","118' 1""","114' 1""","60' 10""","22' 9""","21' 1""","7' 2""","17' 7""","17' 7""","18' 8""","24' 5""","32' 10""","54' 8""","-","-","34' 2""","28' 4""","42' 11""","-","31' 3""","27' 11""","97' 2""","33' 6""","21' 10""","21' 10""","-","-","-","-"
"9/3/2018","Dell Technologies Champ","T12","1.123","79.17","62.50","20.00","60.00","33' 6""","49' 5""","24' 3""","59' 5""","29' 8""","110' 7""","67' 2""","67' 2""","45' 10""","-","-","12' 3""","12' 3""","20' 11""","19' 6""","20' 11""","57' 11""","-","26' 10""","-","-","57' 0""","30' 5""","26' 10""","78' 10""","21' 8""","-","30' 5""","-","-","30' 5""","-","-"
"8/26/2018","THE NORTHERN TRUST","T28",".631","72.22","31.25",".00","20.00","32' 6""","50' 10""","70' 5""","41' 0""","25' 10""","47' 4""","-","35' 5""","33' 8""","-","13' 10""","27' 7""","21' 4""","12' 8""","22' 8""","31' 3""","35' 1""","-","-","-","66' 8""","50' 10""","-","66' 8""","86' 3""","37' 3""","58' 5""","18' 8""","18' 8""","-","-","1","22"
"8/12/2018","PGA Championship","CUT",".886","61.11",".00","-","-","24' 2""","39' 7""","-","39' 7""","22' 8""","-","-","55' 8""","38' 10""","-","9' 10""","9' 10""","9' 10""","20' 1""","27' 7""","31' 2""","42' 2""","-","-","-","-","39' 7""","-","-","-","39' 7""","-","-","-","-","-","-","-"
"8/5/2018","WGC-Bridgestone Invit'l","2",".789","72.22","37.50",".00","33.33","27' 6""","37' 7""","22' 8""","46' 7""","25' 10""","-","-","52' 9""","45' 3""","-","28' 11""","16' 6""","17' 2""","16' 3""","30' 2""","20' 8""","47' 9""","-","-","-","59' 8""","37' 7""","-","59' 8""","-","21' 3""","43' 4""","23' 5""","23' 5""","-","-","1","20"
"7/22/2018","The Open Championship","T39","-","72.22","-","-","-","-","-","-","-","-","-","-","-","-","-","-","-","-","-","-","-","-","-","-","-","-","-","-","-","-","-","-","-","-","-","-","-","-"
"7/15/2018","John Deere Classic","CUT","-2.307","58.33","42.86","33.33","66.67","34' 7""","62' 5""","-","62' 5""","33' 10""","-","50' 7""","51' 8""","54' 4""","-","45' 1""","14' 2""","27' 5""","16' 8""","33' 6""","44' 7""","52' 8""","-","-","-","-","62' 5""","-","-","-","-","-","62' 5""","62' 5""","-","-","-","-"
"7/1/2018","Quicken Loans National","T32","-1.045","66.67","66.67","12.50","87.50","36' 10""","55' 1""","35' 7""","71' 5""","30' 2""","-","68' 11""","25' 1""","50' 9""","39' 5""","65' 9""","18' 3""","29' 11""","17' 10""","32' 1""","25' 1""","46' 3""","-","42' 9""","-","102' 0""","56' 10""","37' 6""","87' 2""","43' 5""","37' 3""","27' 5""","37' 6""","-","-","37' 6""","1","9"
"6/24/2018","Travelers Championship","T15",".071","73.61","83.33","40.00","50.00","29' 2""","68' 8""","27' 6""","89' 3""","26' 3""","-","89' 6""","41' 11""","33' 7""","17' 6""","21' 3""","22' 9""","21' 3""","18' 8""","23' 6""","26' 4""","42' 4""","-","155' 4""","-","-","68' 8""","-","155' 4""","-","27' 6""","23' 1""","-","-","-","-","-","-"
"6/17/2018","U.S. Open","CUT",".055","50.00","40.00","50.00","50.00","50' 6""","79' 4""","69' 10""","84' 1""","47' 11""","139' 8""","55' 2""","64' 0""","40' 0""","-","33' 0""","53' 5""","46' 7""","40' 7""","49' 3""","36' 11""","64' 2""","-","-","-","113' 0""","79' 4""","-","113' 0""","69' 10""","-","55' 1""","-","-","-","-","-","-"
"6/3/2018","the Memorial Tournament","T2","1.887","72.22","68.75","36.36","90.91","27' 11""","35' 10""","55' 4""","26' 1""","27' 6""","97' 3""","42' 2""","41' 9""","41' 10""","-","39' 4""","23' 8""","26' 3""","19' 11""","20' 3""","24' 1""","45' 10""","-","72' 7""","-","-","39' 10""","15' 11""","72' 7""","-","37' 2""","15' 1""","15' 11""","-","15' 11""","-","1","13"
"5/13/2018","THE PLAYERS Championship","CUT","1.074","69.44","60.00","16.67","16.67","30' 9""","63' 6""","101' 2""","25' 10""","25' 0""","91' 0""","63' 4""","49' 4""","-","2' 9""","16' 5""","14' 3""","14' 2""","18' 10""","16' 2""","24' 6""","60' 5""","-","-","101' 2""","-","63' 6""","-","101' 2""","-","25' 10""","-","-","-","-","-","-","-"
"5/6/2018","Wells Fargo Championship","T13",".720","66.67","50.00","10.00","60.00","41' 10""","52' 5""","57' 8""","49' 2""","37' 1""","-","102' 10""","49' 6""","57' 10""","12' 10""","32' 8""","11' 3""","16' 10""","28' 1""","23' 11""","39' 7""","61' 0""","126' 9""","-","102' 2""","-","55' 11""","10' 10""","110' 4""","40' 4""","54' 7""","17' 5""","15' 6""","20' 2""","10' 10""","-","1","11"
"4/8/2018","Masters Tournament","52","-","70.83","-","-","-","-","-","-","-","-","-","-","-","-","-","-","-","-","-","-","-","-","-","-","-","-","-","-","-","-","-","-","-","-","-","-","-","-"
"3/25/2018","WGC-Dell Tech Match Play","T5","-","-","-","-","-","-","-","-","-","-","-","-","-","-","-","-","-","-","-","-","-","-","-","-","-","-","-","-","-","-","-","-","-","-","-","-","-","-"
"3/18/2018","Arnold Palmer Invt'l","T14",".128","69.44","50.00","25.00","75.00","33' 1""","35' 1""","22' 0""","44' 11""","33' 3""","115' 3""","54' 9""","51' 2""","44' 6""","-","12' 8""","14' 8""","13' 10""","18' 7""","30' 9""","32' 9""","50' 2""","-","-","-","-","35' 1""","-","-","25' 7""","42' 0""","10' 1""","-","-","-","-","-","-"
"3/4/2018","WGC-Mexico Championship","T25","1.268","69.44","43.48","40.00","50.00","32' 5""","46' 11""","45' 6""","47' 9""","24' 7""","54' 1""","26' 11""","27' 6""","35' 9""","9' 2""","-","12' 1""","11' 0""","24' 0""","21' 2""","28' 6""","34' 8""","84' 8""","-","78' 9""","-","52' 8""","33' 11""","80' 3""","-","27' 11""","51' 2""","30' 8""","17' 11""","31' 4""","41' 8""","-","-"
"2/18/2018","Genesis Open","CUT",".505","50.00","50.00","50.00","50.00","34' 5""","48' 4""","41' 2""","54' 0""","26' 11""","43' 8""","-","48' 9""","28' 10""","32' 10""","15' 11""","9' 6""","16' 11""","24' 0""","23' 5""","28' 5""","42' 6""","-","-","-","39' 10""","48' 4""","-","39' 10""","41' 7""","70' 1""","30' 11""","-","-","-","-","-","-"
"2/4/2018","Waste Management Phoenix","CUT",".377","80.56","75.00","16.67","50.00","33' 7""","47' 3""","16' 6""","51' 8""","30' 5""","-","25' 9""","65' 5""","-","-","9' 6""","29' 5""","16' 1""","20' 10""","34' 1""","30' 10""","52' 2""","-","111' 8""","-","-","51' 8""","16' 6""","111' 8""","72' 1""","31' 1""","36' 11""","6' 7""","6' 7""","-","-","-","-"
"1/28/2018","Farmers Insurance Open","T51","-.713","61.11","50.00","33.33","66.67","41' 11""","46' 5""","33' 0""","58' 0""","39' 6""","-","67' 11""","44' 6""","45' 11""","-","36' 2""","35' 6""","35' 8""","31' 8""","34' 0""","33' 11""","52' 4""","-","-","61' 9""","-","47' 5""","35' 0""","61' 9""","50' 7""","61' 1""","5' 9""","29' 10""","27' 3""","-","35' 0""","1","8"
"1/14/2018","Sony Open in Hawaii","T10","-.051","73.61","90.91","30.00","80.00","35' 2""","50' 11""","42' 0""","58' 7""","26' 5""","-","45' 2""","-","34' 5""","6' 11""","-","17' 6""","16' 2""","17' 6""","25' 5""","34' 11""","38' 5""","-","-","57' 8""","50' 0""","53' 1""","25' 4""","55' 9""","42' 4""","47' 7""","62' 1""","25' 4""","-","-","25' 4""","-","-"
"1/7/2018","Sentry T of C","30","-1.387","76.39","67.86","15.79","42.11","49' 4""","47' 10""","44' 0""","50' 3""","46' 5""","133' 2""","72' 11""","38' 1""","54' 3""","-","29' 9""","47' 10""","40' 3""","26' 5""","34' 8""","51' 0""","68' 5""","-","109' 2""","76' 9""","-","63' 9""","12' 1""","93' 0""","-","60' 2""","12' 3""","35' 6""","67' 5""","18' 5""","6' 1""","-","-"
"12/10/2017","(*) QBE Shootout","T9","-","-","-","-","-","-","-","-","-","-","-","-","-","-","-","-","-","-","-","-","-","-","-","-","-","-","-","-","-","-","-","-","-","-","-","-","-","-"
"10/29/2017","WGC-HSBC Champions","T5","-","76.39","-","-","-","-","-","-","-","-","-","-","-","-","-","-","-","-","-","-","-","-","-","-","-","-","-","-","-","-","-","-","-","-","-","-","-","-"
"10/22/2017","THE CJ CUP @ NINE BRIDGES","T19","-","76.39","-","-","-","-","-","-","-","-","-","-","-","-","-","-","-","-","-","-","-","-","-","-","-","-","-","-","-","-","-","-","-","-","-","-","-","-"
"10/15/2017","CIMB Classic","T21","-","83.33","-","-","-","-","-","-","-","-","-","-","-","-","-","-","-","-","-","-","-","-","-","-","-","-","-","-","-","-","-","-","-","-","-","-","-","-"
"9/24/2017","TOUR Championship","T20","-.220","63.89","62.50","40.00","40.00","31' 9""","49' 3""","38' 8""","57' 5""","25' 9""","-","71' 0""","25' 5""","35' 8""","-","11' 1""","14' 7""","14' 2""","14' 7""","20' 0""","31' 2""","36' 8""","-","-","163' 9""","40' 4""","50' 9""","26' 5""","102' 1""","56' 10""","51' 11""","49' 3""","16' 11""","13' 9""","-","26' 5""","-","-"
"9/17/2017","BMW Championship","T47","-.600","66.67","60.87","14.29","50.00","36' 5""","32' 10""","44' 10""","26' 0""","33' 9""","85' 7""","55' 0""","36' 8""","34' 8""","-","10' 10""","17' 5""","15' 3""","24' 4""","36' 6""","39' 9""","47' 6""","-","-","-","-","33' 7""","25' 9""","-","44' 0""","37' 3""","36' 6""","22' 2""","21' 0""","25' 9""","-","1","10"
"9/4/2017","Dell Technologies Champ","T25",".292","66.67","62.50","10.00","60.00","38' 1""","48' 3""","49' 10""","46' 7""","33' 2""","80' 6""","34' 2""","46' 8""","47' 6""","17' 6""","9' 9""","23' 9""","20' 4""","17' 10""","32' 4""","27' 8""","50' 1""","-","-","-","89' 9""","48' 3""","-","89' 9""","66' 8""","25' 11""","4' 10""","20' 2""","20' 2""","-","-","1","14"
"8/27/2017","THE NORTHERN TRUST","T25",".682","72.22","66.67","16.67","50.00","35' 7""","47' 6""","23' 2""","52' 5""","31' 4""","87' 1""","63' 7""","66' 7""","34' 0""","11' 5""","11' 0""","23' 5""","16' 9""","28' 10""","19' 1""","35' 2""","53' 5""","-","-","107' 9""","64' 7""","47' 6""","-","86' 2""","43' 11""","-","39' 3""","37' 11""","37' 11""","-","-","1","18"
"8/20/2017","Wyndham Championship","CUT",".565","80.56","100.00","50.00","50.00","28' 6""","26' 11""","33' 11""","17' 8""","28' 11""","-","-","45' 10""","57' 5""","-","12' 4""","27' 7""","23' 9""","20' 7""","20' 11""","17' 7""","54' 1""","-","-","35' 3""","-","26' 11""","-","35' 3""","-","50' 11""","18' 11""","22' 10""","22' 10""","-","-","-","-"
"8/13/2017","PGA Championship","CUT",".285","52.78","66.67",".00","16.67","45' 5""","70' 8""","58' 11""","82' 5""","42' 2""","94' 2""","62' 6""","71' 6""","48' 6""","16' 2""","21' 7""","26' 3""","21' 4""","8' 3""","32' 3""","29' 7""","62' 11""","-","-","-","72' 1""","70' 8""","-","72' 1""","95' 2""","57' 8""","-","-","-","-","-","1","7"
"8/6/2017","WGC-Bridgestone Invit'l","T41","-.938","59.72","50.00",".00","50.00","30' 8""","42' 10""","45' 7""","37' 10""","26' 7""","-","46' 5""","42' 9""","29' 4""","36' 9""","35' 0""","19' 10""","25' 1""","15' 8""","30' 3""","28' 5""","33' 4""","-","-","52' 1""","-","43' 2""","40' 8""","52' 1""","44' 2""","36' 3""","46' 0""","43' 3""","44' 6""","40' 8""","-","1","12"
"7/23/2017","The Open Championship","CUT","-","61.11","-","-","-","-","-","-","-","-","-","-","-","-","-","-","-","-","-","-","-","-","-","-","-","-","-","-","-","-","-","-","-","-","-","-","-","-"
"7/16/2017","John Deere Classic","T55","-.125","76.39","50.00",".00","87.50","32' 1""","33' 3""","-","33' 3""","29' 2""","121' 4""","71' 8""","52' 5""","52' 8""","19' 5""","12' 11""","20' 1""","18' 6""","19' 3""","27' 7""","24' 3""","62' 3""","-","-","-","-","33' 3""","-","-","-","39' 4""","27' 1""","-","-","-","-","1","6"
"7/2/2017","Quicken Loans National","1","1.705","76.39","66.67","12.50","62.50","31' 6""","52' 2""","62' 5""","47' 1""","27' 6""","48' 3""","47' 4""","60' 11""","46' 4""","-","8' 2""","23' 4""","20' 0""","19' 3""","24' 0""","24' 10""","51' 0""","-","-","97' 5""","-","52' 2""","-","97' 5""","103' 0""","50' 3""","18' 2""","32' 1""","32' 1""","-","-","1","7"
"6/25/2017","Travelers Championship","T57",".374","65.28","61.54","37.50","50.00","32' 9""","30' 11""","21' 6""","43' 5""","29' 8""","129' 5""","26' 1""","43' 8""","45' 5""","-","15' 3""","20' 11""","18' 10""","23' 8""","26' 2""","29' 2""","49' 11""","-","-","-","-","30' 11""","-","-","42' 8""","27' 5""","-","24' 4""","24' 4""","-","-","-","-"
"6/11/2017","FedEx St. Jude Classic","T27","1.297","76.39","50.00","50.00","75.00","29' 2""","40' 0""","39' 4""","41' 3""","23' 9""","-","-","45' 8""","29' 7""","-","8' 8""","27' 11""","19' 8""","16' 8""","25' 5""","23' 0""","34' 11""","-","-","-","60' 5""","38' 6""","51' 8""","60' 5""","34' 6""","31' 9""","36' 3""","36' 9""","63' 10""","9' 8""","-","-","-"
"6/4/2017","the Memorial Tournament","T6","-.395","56.94","75.00","16.67","58.33","32' 3""","47' 5""","-","47' 5""","29' 6""","-","34' 1""","48' 10""","41' 0""","-","9' 11""","15' 1""","13' 9""","14' 10""","24' 5""","37' 6""","42' 11""","-","-","-","-","48' 5""","40' 1""","-","52' 7""","64' 0""","20' 10""","40' 1""","-","40' 1""","-","2","24"
"5/28/2017","DEAN & DELUCA Invt'l","CUT","1.809","63.89","25.00",".00","100.00","30' 3""","47' 6""","37' 4""","67' 11""","27' 6""","61' 1""","-","15' 9""","60' 1""","-","19' 8""","10' 4""","14' 4""","20' 11""","28' 2""","43' 9""","45' 8""","-","-","81' 10""","-","56' 0""","5' 3""","81' 10""","-","19' 5""","-","46' 0""","59' 7""","5' 3""","-","-","-"
"5/14/2017","THE PLAYERS Championship","T4","1.179","66.67","47.37",".00","33.33","38' 0""","61' 10""","44' 8""","67' 6""","34' 5""","-","78' 4""","54' 7""","33' 5""","-","21' 4""","21' 8""","21' 7""","24' 8""","33' 3""","38' 10""","55' 3""","-","-","144' 4""","-","67' 1""","35' 6""","144' 4""","47' 0""","72' 0""","87' 2""","27' 2""","10' 7""","-","35' 6""","-","-"
"4/30/2017","Zurich Classic of New Orl","T29","-","-","-","-","-","-","-","-","-","-","-","-","-","-","-","-","-","-","-","-","-","-","-","-","-","-","-","-","-","-","-","-","-","-","-","-","-","-"
"4/16/2017","RBC Heritage","T59",".225","72.22","53.33","25.00","37.50","32' 0""","49' 6""","20' 2""","66' 3""","25' 11""","156' 9""","-","17' 6""","54' 0""","-","10' 1""","14' 6""","13' 11""","22' 5""","27' 11""","20' 11""","67' 3""","104' 4""","-","97' 11""","-","49' 6""","-","100' 0""","47' 3""","24' 10""","28' 10""","21' 3""","21' 3""","-","-","1","10"
"4/2/2017","Shell Houston Open","T8",".580","79.17","33.33","16.67","66.67","33' 9""","45' 3""","62' 8""","38' 9""","31' 4""","74' 9""","78' 1""","43' 2""","32' 6""","10' 8""","27' 0""","19' 2""","21' 1""","19' 7""","27' 10""","44' 5""","46' 4""","153' 5""","-","-","93' 7""","53' 5""","23' 6""","123' 6""","-","26' 4""","33' 7""","26' 2""","30' 4""","23' 6""","-","-","-"
"3/19/2017","Arnold Palmer Invt'l","T17",".535","63.89","52.94","44.44","77.78","37' 6""","49' 8""","25' 3""","65' 11""","35' 3""","63' 9""","120' 8""","62' 2""","42' 9""","26' 5""","14' 4""","24' 6""","20' 8""","22' 9""","23' 7""","41' 11""","52' 9""","-","-","-","-","49' 8""","-","-","81' 2""","33' 11""","18' 2""","-","-","-","-","-","-"
"3/12/2017","Valspar Championship","T27","1.406","69.44","62.50","30.00","60.00","34' 10""","48' 9""","42' 1""","62' 2""","31' 9""","66' 4""","51' 7""","56' 9""","28' 2""","17' 0""","29' 6""","20' 3""","22' 5""","22' 6""","30' 9""","27' 0""","46' 3""","-","-","-","-","48' 9""","-","-","66' 5""","31' 4""","47' 7""","40' 4""","40' 4""","-","-","-","-"
"2/26/2017","The Honda Classic","CUT",".168","69.44","75.00",".00","66.67","29' 6""","48' 10""","65' 1""","38' 0""","26' 4""","-","60' 7""","44' 8""","20' 9""","-","21' 9""","-","21' 9""","13' 3""","22' 3""","26' 4""","36' 8""","-","-","-","-","48' 10""","-","-","67' 11""","61' 2""","27' 0""","-","-","-","-","-","-"
"2/19/2017","Genesis Open","T39","1.031","61.11","50.00","12.50","50.00","33' 4""","47' 5""","38' 4""","52' 11""","23' 9""","-","-","70' 5""","34' 10""","-","17' 1""","15' 5""","16' 4""","7' 3""","17' 7""","26' 3""","48' 2""","-","-","62' 1""","49' 10""","49' 2""","21' 6""","54' 9""","64' 3""","36' 11""","22' 3""","21' 6""","-","-","21' 6""","-","-"
"2/5/2017","Waste Management Phoenix","T36","1.752","77.78","87.50","21.43","57.14","31' 7""","34' 6""","36' 3""","32' 8""","27' 10""","-","40' 11""","51' 3""","42' 3""","-","6' 2""","5' 11""","6' 0""","14' 11""","19' 8""","32' 9""","47' 11""","-","22' 0""","-","-","38' 4""","19' 1""","22' 0""","63' 0""","31' 1""","28' 6""","31' 6""","33' 11""","-","26' 8""","-","-"
"1/29/2017","Farmers Insurance Open","T14",".837","70.83","50.00","66.67","66.67","37' 6""","48' 1""","42' 2""","51' 6""","28' 1""","-","33' 9""","52' 9""","41' 9""","8' 0""","-","29' 7""","22' 4""","25' 9""","19' 9""","20' 9""","43' 7""","-","-","-","76' 2""","51' 11""","9' 10""","76' 2""","76' 2""","28' 7""","-","17' 2""","24' 5""","-","9' 10""","1","18"
"1/15/2017","Sony Open in Hawaii","T36",".701","80.56","91.67","36.36","72.73","33' 4""","32' 4""","37' 1""","27' 8""","25' 4""","-","83' 7""","55' 5""","39' 6""","-","9' 10""","9' 7""","9' 8""","22' 5""","18' 7""","29' 5""","52' 6""","-","-","-","25' 8""","32' 4""","-","25' 8""","44' 5""","54' 3""","15' 2""","19' 8""","19' 8""","-","-","-","-"
"11/20/2016","The RSM Classic","T21",".489","84.72","83.33","20.00","40.00","33' 9""","51' 9""","42' 8""","69' 11""","32' 3""","107' 3""","63' 8""","69' 7""","18' 11""","24' 10""","-","22' 2""","22' 7""","22' 3""","30' 10""","32' 5""","48' 11""","-","-","-","-","51' 9""","-","-","113' 1""","59' 9""","26' 8""","25' 6""","25' 6""","-","-","1","-"
"11/13/2016","OHL Classic at Mayakoba","CUT","-","61.11","-","-","-","-","-","-","-","-","-","-","-","-","-","-","-","-","-","-","-","-","-","-","-","-","-","-","-","-","-","-","-","-","-","-","-","-"
"11/6/2016","Shriners Hospitals","T7",".624","77.78","75.00","16.67","83.33","33' 0""","46' 5""","36' 10""","56' 1""","28' 9""","90' 9""","53' 3""","73' 10""","35' 8""","-","30' 9""","20' 5""","21' 4""","16' 4""","27' 3""","30' 5""","50' 9""","-","-","77' 7""","61' 9""","50' 9""","16' 1""","69' 8""","21' 11""","34' 5""","38' 10""","51' 3""","86' 5""","16' 1""","-","-","-"
"10/16/2016","Safeway Open","T22",".699","80.56","25.00",".00","100.00","25' 4""","29' 8""","10' 4""","35' 5""","24' 8""","-","63' 5""","9' 7""","29' 10""","10' 10""","9' 10""","15' 7""","13' 3""","22' 0""","27' 7""","36' 6""","31' 9""","-","-","57' 9""","44' 0""","32' 11""","18' 8""","53' 2""","36' 10""","-","23' 3""","18' 3""","16' 11""","18' 8""","-","-","-"
"8/28/2016","The Barclays","T74","-.079","63.89","50.00",".00","16.67","38' 9""","46' 3""","68' 10""","18' 2""","35' 0""","-","77' 10""","60' 2""","51' 0""","20' 11""","8' 9""","13' 11""","14' 2""","23' 11""","31' 4""","32' 10""","54' 9""","-","-","-","101' 5""","51' 2""","7' 0""","101' 5""","-","98' 10""","23' 6""","10' 6""","13' 11""","7' 0""","-","-","-"
"8/21/2016","Wyndham Championship","T14","1.136","83.33","100.00","25.00","75.00","29' 0""","43' 1""","52' 5""","36' 7""","23' 0""","-","-","45' 5""","45' 11""","-","6' 11""","15' 1""","12' 9""","21' 1""","15' 0""","18' 2""","45' 9""","-","-","66' 5""","17' 2""","43' 1""","-","50' 0""","68' 9""","46' 0""","28' 8""","39' 6""","39' 6""","-","-","-","-"
"8/14/2016","John Deere Classic","T22","1.176","76.39","33.33","40.00","20.00","27' 1""","36' 2""","-","36' 2""","26' 0""","-","80' 11""","29' 6""","36' 3""","-","16' 9""","18' 6""","17' 7""","19' 6""","20' 10""","36' 4""","41' 3""","-","-","-","-","36' 2""","-","-","53' 7""","6' 5""","-","13' 9""","13' 9""","-","-","-","-"
"8/7/2016","Travelers Championship","CUT",".249","63.89","50.00",".00","33.33","37' 9""","78' 9""","40' 2""","86' 6""","24' 2""","-","124' 6""","11' 8""","31' 9""","-","9' 0""","10' 6""","10' 1""","27' 11""","22' 9""","11' 0""","49' 11""","-","-","-","-","78' 9""","-","-","165' 0""","69' 10""","-","49' 1""","49' 1""","-","-","-","-"
"7/24/2016","RBC Canadian Open","CUT","1.011","55.56","50.00","25.00","50.00","30' 9""","44' 10""","41' 11""","47' 10""","26' 8""","-","-","20' 1""","57' 5""","14' 3""","22' 7""","16' 3""","16' 9""","18' 9""","36' 5""","43' 4""","44' 11""","-","-","-","-","47' 0""","29' 10""","-","91' 9""","14' 8""","37' 6""","46' 7""","55' 0""","-","29' 10""","-","-"
"7/17/2016","Barbasol Championship","T54",".373","73.61","75.00","11.11","55.56","33' 8""","56' 0""","42' 2""","66' 4""","30' 10""","-","-","65' 4""","46' 4""","-","-","21' 0""","21' 0""","21' 3""","16' 11""","34' 1""","55' 10""","-","-","82' 0""","108' 7""","56' 0""","-","95' 4""","89' 8""","30' 2""","24' 5""","28' 6""","28' 6""","-","-","1","15"
"7/3/2016","Barracuda Championship","80","-","-","-","-","-","-","-","-","-","-","-","-","-","-","-","-","-","-","-","-","-","-","-","-","-","-","-","-","-","-","-","-","-","-","-","-","-","-"
"6/26/2016","Quicken Loans National","T44",".543","76.39","16.67",".00",".00","30' 2""","42' 10""","41' 11""","46' 0""","27' 3""","145' 3""","86' 3""","45' 8""","31' 10""","5' 5""","20' 0""","14' 9""","15' 2""","23' 6""","21' 7""","26' 8""","45' 9""","-","-","-","57' 4""","42' 10""","-","57' 4""","50' 9""","53' 8""","32' 2""","34' 1""","34' 1""","-","-","-","-"
"6/12/2016","FedEx St. Jude Classic","CUT","-.272","69.44","50.00",".00","100.00","31' 2""","54' 5""","54' 1""","55' 3""","25' 1""","-","-","-","-","-","25' 6""","17' 9""","19' 6""","27' 6""","23' 11""","32' 8""","-","-","-","89' 4""","34' 6""","54' 1""","55' 3""","61' 11""","38' 6""","-","-","55' 3""","-","55' 3""","-","-","-"
"5/29/2016","DEAN & DELUCA Invt'l","CUT","-.339","63.89",".00","-","-","33' 3""","42' 5""","44' 2""","39' 5""","27' 6""","-","-","37' 6""","37' 3""","-","7' 6""","28' 5""","21' 5""","18' 3""","28' 2""","33' 6""","37' 5""","-","-","-","78' 8""","46' 1""","5' 10""","78' 8""","66' 9""","18' 8""","39' 1""","16' 3""","21' 6""","-","5' 10""","-","-"
"5/22/2016","AT&T Byron Nelson","T41","-.592","58.33","58.33","28.57","85.71","31' 11""","40' 0""","47' 4""","36' 5""","28' 1""","-","43' 8""","53' 0""","35' 4""","15' 1""","19' 1""","13' 5""","15' 3""","28' 4""","23' 8""","26' 8""","41' 11""","-","-","35' 1""","-","44' 3""","28' 5""","35' 1""","42' 6""","53' 11""","42' 5""","29' 9""","35' 2""","35' 2""","8' 2""","1","19"
"5/8/2016","Wells Fargo Championship","CUT","-.583","61.11","60.00",".00","50.00","49' 7""","48' 9""","64' 7""","42' 5""","44' 11""","141' 4""","-","62' 7""","58' 7""","8' 11""","33' 3""","32' 5""","26' 9""","24' 4""","20' 10""","41' 9""","69' 3""","-","-","102' 11""","67' 2""","48' 9""","-","79' 1""","33' 6""","-","24' 3""","23' 2""","23' 2""","-","-","1","11"
"5/1/2016","Zurich Classic of New Orl","CUT","-.377","63.89","12.50",".00","100.00","34' 3""","11' 6""","11' 6""","-","33' 0""","-","93' 5""","25' 10""","44' 11""","32' 1""","9' 2""","20' 10""","24' 7""","10' 1""","42' 0""","33' 8""","48' 7""","-","-","-","-","-","11' 6""","-","-","-","-","11' 6""","-","11' 6""","-","-","-"
"4/24/2016","Valero Texas Open","T60",".184","66.67","18.18",".00","50.00","34' 8""","40' 9""","58' 8""","30' 9""","32' 2""","157' 5""","-","51' 7""","25' 0""","-","10' 3""","22' 2""","19' 6""","28' 4""","29' 10""","35' 3""","51' 6""","-","57' 8""","-","141' 4""","41' 9""","34' 6""","99' 6""","33' 4""","22' 10""","25' 3""","35' 10""","47' 9""","23' 11""","-","-","-"
"4/17/2016","RBC Heritage","T33","-.681","47.22","21.43","33.33","100.00","34' 3""","31' 11""","23' 3""","34' 1""","34' 4""","-","-","-","56' 5""","-","25' 9""","22' 11""","23' 7""","28' 7""","31' 6""","47' 3""","56' 5""","-","-","-","37' 9""","32' 10""","19' 8""","37' 9""","40' 7""","35' 5""","28' 11""","14' 2""","8' 7""","19' 8""","-","3","26"
"4/3/2016","Shell Houston Open","T19","-.323","66.67","29.41",".00","60.00","35' 3""","55' 4""","85' 10""","32' 5""","31' 5""","-","75' 11""","51' 5""","33' 11""","-","22' 8""","23' 2""","22' 11""","21' 10""","32' 10""","38' 10""","47' 7""","113' 10""","114' 0""","-","50' 11""","55' 4""","-","92' 11""","-","23' 10""","31' 3""","29' 7""","29' 7""","-","-","-","-"
"3/27/2016","Puerto Rico Open","CUT","-","66.67","-","-","-","-","-","-","-","-","-","-","-","-","-","-","-","-","-","-","-","-","-","-","-","-","-","-","-","-","-","-","-","-","-","-","-","-"
"3/13/2016","Valspar Championship","T53","-.098","52.78","31.25","20.00","40.00","39' 1""","52' 2""","47' 6""","56' 5""","35' 0""","10' 0""","77' 9""","79' 11""","38' 8""","-","19' 1""","22' 4""","21' 2""","19' 5""","31' 5""","38' 8""","53' 1""","-","-","91' 2""","103' 4""","52' 2""","-","97' 3""","70' 3""","40' 2""","35' 0""","50' 9""","50' 9""","-","-","2","7"
"2/28/2016","The Honda Classic","T43","-.297","63.89","75.00","16.67","83.33","34' 8""","38' 0""","41' 10""","33' 6""","33' 7""","-","81' 11""","69' 11""","41' 10""","7' 6""","13' 2""","9' 0""","11' 2""","18' 4""","30' 0""","35' 0""","58' 10""","-","-","27' 7""","32' 10""","42' 0""","16' 0""","31' 6""","44' 8""","40' 4""","-","39' 5""","62' 11""","10' 8""","21' 3""","1","10"
"2/14/2016","AT&T Pebble Beach","T41",".174","69.44","62.50",".00","60.00","35' 5""","39' 6""","30' 0""","53' 8""","35' 5""","-","-","62' 4""","50' 4""","-","21' 9""","29' 10""","26' 3""","17' 6""","22' 6""","52' 3""","53' 9""","-","-","-","84' 0""","38' 9""","42' 4""","84' 0""","17' 3""","-","23' 4""","36' 5""","30' 5""","42' 4""","-","1","-"
"2/7/2016","Waste Management Phoenix","T45",".583","65.28","62.50","40.00","60.00","37' 9""","45' 9""","48' 10""","40' 11""","32' 7""","-","55' 11""","47' 2""","48' 1""","8' 11""","31' 1""","14' 0""","17' 0""","21' 4""","31' 0""","31' 6""","50' 4""","-","-","142' 1""","82' 0""","45' 9""","-","112' 1""","33' 11""","33' 7""","-","-","-","-","-","1","26"
"1/31/2016","Farmers Insurance Open","T25","1.281","68.06","16.67","50.00","100.00","34' 1""","45' 3""","44' 6""","45' 9""","27' 8""","-","-","-","35' 10""","-","8' 4""","8' 2""","8' 4""","36' 4""","23' 9""","30' 4""","35' 10""","-","-","98' 1""","74' 5""","46' 4""","35' 10""","82' 4""","102' 10""","35' 7""","31' 10""","34' 6""","33' 7""","35' 10""","-","-","-"
"1/24/2016","CareerBuilder Challenge","CUT","1.798","64.81","75.00",".00","66.67","32' 9""","37' 0""","24' 3""","41' 3""","31' 6""","140' 9""","39' 2""","-","63' 3""","-","10' 11""","9' 1""","9' 9""","-","12' 5""","-","69' 1""","-","-","-","-","37' 0""","-","-","67' 2""","28' 7""","23' 8""","-","-","-","-","-","-"
"1/17/2016","Sony Open in Hawaii","T13","1.329","76.39","66.67","12.50","25.00","33' 5""","57' 6""","78' 10""","36' 3""","24' 3""","-","78' 8""","39' 0""","27' 10""","15' 10""","20' 8""","14' 2""","16' 0""","11' 1""","21' 2""","35' 9""","43' 11""","-","-","126' 5""","85' 3""","59' 8""","38' 4""","95' 7""","29' 6""","24' 2""","52' 10""","38' 4""","-","38' 4""","-","-","-"
"11/22/2015","The RSM Classic","T33","-.228","73.61","42.86","66.67","33.33","35' 10""","47' 10""","54' 6""","37' 2""","32' 9""","-","111' 5""","51' 4""","42' 5""","18' 1""","29' 1""","28' 8""","26' 10""","37' 5""","21' 0""","33' 7""","52' 1""","-","-","-","-","47' 7""","49' 4""","-","87' 5""","36' 4""","26' 5""","45' 1""","36' 6""","49' 4""","-","-","-"
"11/15/2015","OHL Classic at Mayakoba","CUT","-","69.44","-","-","-","-","-","-","-","-","-","-","-","-","-","-","-","-","-","-","-","-","-","-","-","-","-","-","-","-","-","-","-","-","-","-","1","-"
"11/8/2015","Sanderson Farms Champ.","CUT","-.185","63.89","20.00",".00","50.00","32' 0""","38' 9""","37' 5""","39' 2""","30' 1""","-","74' 8""","-","69' 8""","-","22' 5""","12' 9""","16' 0""","19' 10""","11' 7""","29' 5""","71' 4""","-","-","39' 4""","-","39' 2""","37' 5""","39' 4""","62' 2""","-","33' 5""","37' 5""","-","-","37' 5""","-","-"
"10/25/2015","Shriners Hospitals","T43",".834","75.00","75.00","41.67","50.00","33' 4""","46' 7""","50' 0""","43' 2""","27' 0""","-","63' 0""","88' 11""","31' 0""","-","-","19' 10""","19' 10""","19' 9""","19' 2""","31' 2""","47' 5""","-","103' 5""","96' 0""","-","48' 6""","10' 9""","100' 11""","68' 9""","34' 5""","36' 1""","11' 4""","11' 8""","-","10' 9""","-","-"
"8/23/2015","Wyndham Championship","T51",".173","75.00","100.00","37.50","62.50","33' 8""","37' 0""","32' 11""","39' 10""","31' 11""","-","94' 0""","65' 11""","29' 3""","-","18' 10""","27' 4""","25' 8""","20' 3""","26' 7""","32' 2""","47' 0""","-","92' 2""","-","-","37' 0""","-","92' 2""","54' 11""","37' 7""","19' 8""","22' 8""","22' 8""","-","-","-","-"
"8/9/2015","Barracuda Championship","T56","-","-","-","-","-","-","-","-","-","-","-","-","-","-","-","-","-","-","-","-","-","-","-","-","-","-","-","-","-","-","-","-","-","-","-","-","-","-"
"7/19/2015","Barbasol Championship","T23",".547","76.39","83.33","20.00","50.00","31' 2""","47' 5""","19' 10""","52' 11""","26' 10""","-","101' 0""","88' 8""","29' 6""","-","4' 9""","18' 1""","13' 7""","19' 5""","20' 2""","21' 6""","49' 8""","-","-","88' 6""","-","50' 1""","17' 7""","88' 6""","60' 1""","36' 11""","7' 6""","16' 8""","15' 8""","-","17' 7""","-","-"
"7/12/2015","John Deere Classic","T18",".411","75.00","53.85","28.57","71.43","31' 4""","42' 10""","28' 10""","45' 7""","28' 5""","-","29' 7""","52' 2""","53' 11""","-","10' 9""","17' 5""","15' 9""","21' 4""","27' 1""","29' 3""","51' 3""","-","50' 6""","-","-","42' 10""","-","50' 6""","89' 5""","-","33' 2""","17' 7""","17' 7""","-","-","1","5"
"6/28/2015","Travelers Championship","T20",".445","69.44","84.62","18.18","54.55","36' 8""","45' 1""","41' 7""","47' 7""","29' 10""","66' 0""","-","53' 5""","37' 1""","10' 2""","29' 9""","13' 10""","15' 7""","20' 11""","25' 5""","33' 9""","46' 5""","-","-","-","-","40' 6""","67' 11""","-","70' 7""","24' 5""","62' 6""","37' 9""","22' 7""","-","67' 11""","1","15"
"6/14/2015","FedEx St. Jude Classic","T62","-.727","55.56","62.50","40.00","60.00","35' 7""","51' 10""","49' 6""","54' 8""","23' 2""","-","-","49' 7""","30' 5""","14' 5""","21' 5""","19' 9""","19' 6""","18' 3""","25' 7""","20' 8""","36' 9""","-","-","68' 9""","63' 3""","51' 6""","60' 3""","64' 2""","60' 5""","51' 7""","31' 6""","33' 5""","24' 5""","-","60' 3""","1","6"
"2/15/2015","AT&T Pebble Beach","CUT",".960","74.07","50.00","100.00","50.00","21' 9""","37' 3""","37' 3""","-","20' 10""","-","-","27' 9""","21' 5""","8' 0""","19' 0""","16' 6""","14' 5""","25' 11""","14' 2""","37' 10""","24' 7""","-","-","-","-","-","37' 3""","-","-","-","-","37' 3""","-","37' 3""","-","-","-"
"2/8/2015","Farmers Insurance Open","T67","-.443","69.44","50.00",".00","50.00","41' 5""","63' 0""","70' 10""","58' 7""","35' 5""","-","76' 2""","59' 6""","39' 2""","12' 2""","21' 9""","42' 3""","20' 7""","22' 6""","30' 8""","52' 10""","51' 5""","-","78' 7""","89' 8""","66' 1""","63' 0""","-","78' 0""","65' 9""","102' 5""","33' 9""","-","-","-","-","-","-"
"2/1/2015","Waste Management Phoenix","CUT","-.682","61.11","62.50","40.00","20.00","48' 10""","67' 8""","74' 10""","64' 6""","36' 6""","-","96' 8""","57' 10""","40' 5""","-","-","20' 5""","20' 5""","19' 8""","33' 11""","33' 1""","55' 7""","124' 1""","-","-","77' 11""","70' 10""","29' 9""","101' 0""","72' 3""","67' 2""","24' 8""","45' 5""","61' 0""","-","29' 9""","1","8"
"11/9/2014","Sanderson Farms Champ.","CUT","-.258","80.56","50.00",".00","40.00","39' 9""","40' 8""","13' 8""","49' 8""","32' 6""","95' 3""","-","-","54' 7""","-","22' 9""","24' 4""","23' 10""","19' 11""","25' 4""","40' 5""","62' 9""","-","-","151' 3""","-","45' 8""","5' 9""","151' 3""","-","34' 6""","13' 8""","36' 0""","36' 0""","-","-","-","-"
"11/2/2014","CIMB Classic","T33","-","69.44","-","-","-","-","-","-","-","-","-","-","-","-","-","-","-","-","-","-","-","-","-","-","-","-","-","-","-","-","-","-","-","-","-","-","-","-"
"10/19/2014","Shriners Hospitals","CUT","-.103","69.44","62.50","60.00","40.00","40' 4""","48' 11""","12' 4""","67' 3""","32' 4""","49' 4""","-","45' 3""","48' 9""","-","16' 2""","17' 11""","17' 6""","21' 2""","32' 7""","34' 7""","48' 3""","-","-","-","-","54' 10""","1' 10""","-","25' 1""","70' 4""","44' 1""","1' 10""","-","-","1' 10""","-","-"
"8/17/2014","Wyndham Championship","CUT","-1.042","75.00","100.00","50.00","75.00","34' 8""","39' 7""","40' 11""","34' 0""","32' 9""","-","-","38' 9""","54' 4""","-","28' 8""","21' 5""","23' 3""","19' 7""","33' 8""","24' 5""","47' 8""","-","-","-","98' 5""","39' 7""","-","98' 5""","37' 0""","17' 8""","47' 6""","18' 11""","18' 11""","-","-","-","-"
"8/3/2014","Barracuda Championship","T8","-","-","-","-","-","-","-","-","-","-","-","-","-","-","-","-","-","-","-","-","-","-","-","-","-","-","-","-","-","-","-","-","-","-","-","-","-","-"
"7/27/2014","RBC Canadian Open","T12",".827","69.44","87.50","14.29","57.14","30' 11""","31' 5""","25' 4""","34' 6""","31' 5""","81' 11""","86' 8""","26' 0""","38' 11""","-","18' 10""","18' 1""","18' 3""","11' 9""","23' 2""","40' 9""","53' 5""","-","-","-","54' 6""","31' 5""","-","54' 6""","-","23' 8""","38' 7""","24' 1""","24' 1""","-","-","-","-"
"7/13/2014","John Deere Classic","T63","-.185","69.44","73.33","27.27","63.64","33' 4""","50' 11""","-","50' 11""","28' 10""","-","45' 3""","60' 9""","38' 11""","-","25' 2""","20' 5""","21' 4""","27' 1""","22' 9""","24' 3""","47' 3""","-","-","136' 4""","49' 1""","50' 11""","-","92' 9""","53' 3""","12' 2""","42' 8""","-","-","-","-","1","12"
"7/6/2014","The Greenbrier Classic","T35","1.229","66.67","62.50",".00","20.00","31' 8""","35' 7""","34' 6""","36' 7""","29' 9""","152' 8""","95' 5""","2' 3""","29' 6""","-","16' 2""","17' 1""","16' 10""","23' 8""","22' 7""","31' 9""","50' 6""","-","-","74' 9""","-","35' 7""","-","74' 9""","42' 6""","34' 0""","29' 7""","-","-","-","-","2","152"
"6/29/2014","Quicken Loans National","CUT",".410","77.78","50.00",".00","33.33","32' 6""","31' 7""","36' 2""","26' 11""","32' 5""","-","73' 7""","51' 0""","39' 1""","-","-","13' 0""","13' 0""","15' 8""","27' 0""","32' 4""","54' 0""","-","-","23' 9""","-","31' 7""","-","23' 9""","-","-","29' 7""","47' 5""","47' 5""","-","-","-","-"
"6/22/2014","Travelers Championship","CUT",".296","77.78","83.33","20.00","60.00","31' 11""","30' 3""","24' 2""","33' 4""","31' 10""","48' 1""","64' 1""","56' 2""","35' 2""","-","32' 3""","26' 7""","27' 4""","14' 2""","27' 10""","31' 2""","45' 8""","-","-","-","24' 2""","30' 3""","-","24' 2""","-","-","33' 4""","-","-","-","-","-","-"
"6/8/2014","FedEx St. Jude Classic","CUT","1.866","66.67","100.00",".00","50.00","26' 8""","31' 6""","27' 11""","32' 5""","25' 6""","-","56' 9""","35' 10""","42' 7""","-","-","12' 3""","12' 3""","10' 4""","12' 11""","31' 10""","46' 2""","-","-","-","-","31' 6""","-","-","40' 9""","25' 6""","32' 9""","25' 7""","25' 7""","-","-","-","-"
"6/1/2014","the Memorial Tournament","74","1.117","66.67","68.75","9.09","27.27","29' 11""","33' 4""","30' 0""","34' 8""","29' 5""","-","41' 3""","76' 4""","30' 5""","-","19' 4""","14' 6""","15' 10""","15' 0""","28' 11""","28' 11""","49' 9""","-","-","60' 8""","-","28' 0""","87' 3""","60' 8""","41' 10""","14' 1""","51' 2""","87' 3""","-","87' 3""","-","1","6"
"5/25/2014","Crowne Plaza Invitational","T68","-.298","63.89","62.50","20.00","40.00","36' 0""","49' 1""","42' 0""","53' 4""","29' 4""","40' 2""","-","48' 11""","41' 7""","-","14' 4""","25' 10""","24' 2""","24' 8""","24' 1""","27' 1""","44' 1""","-","-","40' 5""","73' 11""","51' 3""","10' 4""","65' 7""","79' 6""","62' 4""","37' 6""","21' 7""","21' 7""","-","-","-","-"
"5/18/2014","HP Byron Nelson Champ","84",".993","70.37","71.43","20.00","60.00","30' 5""","32' 8""","34' 11""","30' 6""","28' 10""","-","61' 10""","62' 6""","36' 9""","-","20' 2""","9' 11""","16' 9""","22' 6""","35' 5""","27' 5""","44' 0""","-","-","-","-","32' 8""","-","-","28' 10""","15' 2""","41' 8""","25' 6""","25' 6""","-","-","-","-"
"5/11/2014","THE PLAYERS Championship","71",".696","69.44","75.00","16.67","58.33","35' 7""","34' 11""","28' 9""","47' 4""","36' 11""","64' 7""","62' 1""","68' 3""","44' 11""","25' 4""","30' 4""","24' 4""","25' 7""","25' 1""","28' 11""","24' 7""","61' 3""","-","-","-","-","41' 8""","11' 7""","-","44' 9""","26' 4""","-","34' 9""","44' 1""","11' 2""","11' 11""","-","-"
"5/4/2014","Wells Fargo Championship","T60",".970","58.33","77.27","17.65","58.82","42' 5""","45' 6""","58' 11""","37' 6""","35' 7""","84' 2""","73' 7""","44' 10""","42' 1""","12' 11""","16' 4""","24' 1""","21' 8""","19' 2""","19' 4""","32' 5""","58' 7""","-","57' 6""","65' 2""","45' 4""","47' 9""","12' 3""","58' 4""","81' 4""","23' 9""","24' 2""","47' 8""","83' 1""","-","12' 3""","1","6"
"4/27/2014","Zurich Classic of New Orl","T52",".915","72.22","70.59","25.00","50.00","36' 2""","62' 9""","102' 6""","49' 6""","31' 7""","-","55' 7""","87' 9""","43' 10""","14' 3""","33' 4""","21' 3""","21' 4""","21' 9""","26' 9""","20' 7""","53' 9""","114' 7""","102' 6""","46' 4""","-","66' 3""","37' 10""","91' 6""","21' 2""","40' 5""","-","37' 3""","36' 7""","37' 10""","-","-","-"
"4/20/2014","RBC Heritage","CUT","-.404","47.22","50.00",".00",".00","43' 0""","56' 9""","85' 4""","51' 0""","38' 4""","-","131' 11""","-","39' 10""","-","49' 10""","22' 8""","36' 3""","40' 11""","29' 0""","34' 4""","85' 11""","-","-","-","125' 4""","56' 9""","-","125' 4""","35' 2""","-","29' 9""","85' 4""","85' 4""","-","-","-","-"
"4/6/2014","Shell Houston Open","T54","1.064","68.06","58.82","20.00","40.00","42' 5""","71' 11""","50' 11""","81' 2""","35' 1""","59' 10""","83' 2""","60' 1""","46' 0""","-","26' 3""","28' 3""","26' 11""","25' 11""","23' 5""","21' 2""","54' 4""","172' 1""","70' 7""","-","76' 5""","71' 11""","-","92' 1""","84' 2""","37' 7""","57' 8""","-","-","-","-","1","126"
"3/30/2014","Valero Texas Open","CUT","2.144","66.67","40.00",".00","60.00","41' 0""","38' 4""","43' 6""","12' 6""","37' 0""","79' 7""","85' 7""","74' 2""","26' 7""","-","47' 0""","8' 1""","19' 2""","17' 2""","-","46' 4""","56' 11""","78' 6""","-","-","-","46' 3""","22' 6""","78' 6""","37' 4""","-","31' 10""","22' 6""","-","22' 6""","-","-","-"
"3/16/2014","Valspar Championship","CUT",".177","63.89","37.50",".00",".00","41' 1""","64' 10""","43' 2""","72' 1""","32' 4""","-","118' 11""","47' 11""","30' 0""","6' 10""","-","23' 9""","12' 6""","16' 2""","40' 3""","19' 11""","47' 10""","137' 10""","-","-","-","68' 7""","38' 5""","137' 10""","-","78' 4""","55' 9""","39' 10""","41' 3""","-","38' 5""","-","-"
"3/2/2014","The Honda Classic","CUT",".478","66.67","75.00","66.67","100.00","31' 10""","43' 1""","32' 4""","48' 5""","28' 8""","-","42' 8""","32' 3""","42' 2""","-","17' 0""","22' 0""","20' 4""","18' 7""","25' 4""","31' 6""","40' 7""","-","-","-","47' 2""","43' 1""","-","47' 2""","-","30' 9""","54' 4""","-","-","-","-","-","-"
"2/16/2014","Northern Trust Open","CUT","-.574","55.56","62.50",".00","40.00","35' 8""","41' 2""","43' 2""","40' 9""","28' 7""","-","117' 3""","42' 9""","-","-","10' 2""","20' 4""","16' 11""","50' 4""","22' 2""","18' 1""","67' 7""","-","-","-","-","44' 5""","1' 8""","-","40' 3""","59' 8""","42' 7""","1' 8""","-","-","1' 8""","-","-"
"2/9/2014","AT&T Pebble Beach","T61","1.163","61.11","62.50","60.00","40.00","29' 11""","22' 8""","20' 4""","30' 4""","34' 0""","-","29' 6""","15' 10""","55' 0""","24' 1""","26' 9""","23' 0""","24' 2""","-","27' 3""","40' 3""","43' 8""","-","-","-","-","23' 5""","18' 7""","-","52' 9""","15' 5""","22' 3""","16' 2""","15' 5""","18' 3""","18' 10""","2","6"
"2/2/2014","Waste Management Phoenix","CUT",".215","66.67","75.00","33.33","50.00","34' 5""","24' 11""","26' 0""","23' 3""","27' 4""","-","50' 4""","-","39' 2""","7' 10""","19' 2""","6' 2""","9' 1""","31' 1""","35' 5""","25' 9""","42' 0""","-","-","-","-","26' 10""","17' 2""","-","22' 1""","20' 3""","44' 9""","17' 2""","-","17' 2""","-","-","-"
"1/26/2014","Farmers Insurance Open","CUT","1.040","63.89","25.00",".00","100.00","24' 9""","28' 4""","32' 10""","27' 8""","21' 10""","-","-","-","41' 9""","-","-","14' 8""","14' 8""","24' 4""","-","7' 8""","41' 9""","-","-","22' 2""","-","28' 4""","-","22' 2""","52' 5""","10' 1""","25' 1""","14' 6""","14' 6""","-","-","1","-"
"11/17/2013","OHL Classic at Mayakoba","T60","-","52.78","-","-","-","-","-","-","-","-","-","-","-","-","-","-","-","-","-","-","-","-","-","-","-","-","-","-","-","-","-","-","-","-","-","-","4","-"
"11/10/2013","The McGladrey Classic","T55",".231","73.61","50.00","33.33","66.67","33' 10""","31' 10""","34' 10""","24' 1""","32' 7""","78' 11""","-","42' 8""","32' 3""","22' 7""","32' 7""","19' 4""","22' 8""","25' 10""","28' 9""","48' 2""","42' 8""","-","-","-","-","33' 10""","24' 10""","-","-","44' 8""","29' 2""","23' 2""","16' 8""","9' 8""","29' 10""","1","17"
"10/27/2013","CIMB Classic","T19","-","65.28","-","-","-","-","-","-","-","-","-","-","-","-","-","-","-","-","-","-","-","-","-","-","-","-","-","-","-","-","-","-","-","-","-","-","-","-"
"10/20/2013","Shriners Hospitals","CUT","-.459","75.00","62.50","80.00","60.00","34' 1""","37' 10""","42' 7""","33' 0""","31' 2""","-","-","59' 9""","42' 10""","-","43' 3""","8' 5""","14' 3""","14' 10""","38' 10""","27' 1""","45' 8""","-","-","-","-","38' 8""","34' 6""","-","-","47' 10""","52' 10""","23' 9""","16' 8""","60' 4""","8' 7""","-","-"
"10/13/2013","Frys.com Open","T33","1.513","76.39","42.86","33.33","50.00","27' 3""","34' 6""","46' 1""","19' 0""","23' 5""","-","-","55' 9""","24' 2""","39' 2""","11' 1""","14' 5""","16' 8""","10' 5""","27' 2""","32' 1""","34' 8""","-","-","141' 8""","-","38' 6""","19' 8""","141' 8""","22' 8""","43' 2""","34' 9""","11' 3""","5' 6""","16' 11""","-","-","-"
"9/2/2013","Deutsche Bank Champ","CUT","-.795","69.44","62.50","40.00","60.00","29' 6""","34' 5""","38' 11""","29' 11""","28' 8""","-","-","27' 0""","42' 11""","-","8' 10""","13' 10""","12' 10""","34' 3""","24' 10""","33' 2""","37' 7""","-","-","-","-","34' 5""","-","-","48' 1""","20' 9""","-","-","-","-","-","-","-"
"8/25/2013","The Barclays","T50","1.094","68.06","56.25","33.33","66.67","28' 4""","23' 1""","-","23' 1""","26' 5""","47' 3""","-","33' 4""","29' 9""","18' 4""","12' 6""","18' 5""","16' 8""","28' 8""","27' 2""","24' 7""","32' 2""","-","-","-","-","23' 1""","-","-","-","-","16' 8""","29' 6""","29' 6""","-","-","1","7"
"8/11/2013","PGA Championship","CUT","-","66.67","-","-","-","-","-","-","-","-","-","-","-","-","-","-","-","-","-","-","-","-","-","-","-","-","-","-","-","-","-","-","-","-","-","-","-","-"
"7/28/2013","RBC Canadian Open","T12",".784","72.22","87.50","21.43","85.71","29' 1""","35' 10""","45' 3""","30' 1""","25' 0""","-","-","-","25' 3""","-","14' 4""","13' 10""","14' 0""","25' 6""","25' 4""","31' 5""","25' 3""","-","59' 6""","43' 8""","37' 9""","36' 8""","28' 5""","47' 0""","48' 3""","27' 10""","23' 5""","36' 3""","38' 10""","28' 5""","-","1","7"
"7/21/2013","The Open Championship","CUT","-","69.44","-","-","-","-","-","-","-","-","-","-","-","-","-","-","-","-","-","-","-","-","-","-","-","-","-","-","-","-","-","-","-","-","-","-","-","-"
"7/14/2013","John Deere Classic","CUT","-1.123","63.89","50.00","25.00","25.00","32' 1""","21' 6""","21' 6""","-","30' 8""","-","87' 2""","12' 9""","10' 5""","5' 11""","26' 7""","26' 10""","24' 8""","25' 7""","32' 11""","44' 4""","36' 9""","-","-","-","-","21' 6""","-","-","21' 6""","-","-","-","-","-","-","-","-"
"7/7/2013","The Greenbrier Classic","CUT","-.664","58.33","75.00","66.67","66.67","38' 2""","43' 4""","48' 7""","32' 10""","32' 0""","64' 8""","38' 9""","12' 3""","65' 5""","-","-","30' 8""","30' 8""","16' 8""","33' 6""","20' 4""","51' 10""","-","-","-","-","40' 10""","55' 11""","-","68' 4""","68' 4""","18' 11""","34' 7""","23' 3""","-","91' 5""","-","-"
"6/23/2013","Travelers Championship","CUT","1.065","69.44","83.33","20.00","40.00","34' 5""","39' 5""","35' 10""","41' 3""","27' 8""","-","-","55' 10""","35' 2""","-","21' 7""","17' 5""","18' 3""","17' 1""","21' 3""","29' 8""","45' 6""","-","-","105' 1""","-","39' 11""","35' 4""","105' 1""","35' 7""","52' 5""","25' 3""","35' 4""","-","-","35' 4""","-","-"
"6/16/2013","U.S. Open","73","-","55.56","-","-","-","-","-","-","-","-","-","-","-","-","-","-","-","-","-","-","-","-","-","-","-","-","-","-","-","-","-","-","-","-","-","-","-","-"
"6/2/2013","the Memorial Tournament","3","2.327","69.44","75.00","33.33","66.67","33' 7""","40' 11""","49' 10""","17' 1""","29' 8""","-","39' 5""","56' 11""","11' 9""","-","5' 3""","29' 1""","25' 1""","19' 2""","23' 7""","32' 3""","41' 1""","-","65' 3""","-","-","44' 4""","6' 3""","65' 3""","50' 6""","38' 1""","30' 0""","6' 3""","-","-","6' 3""","1","9"
"5/26/2013","Crowne Plaza Invitational","CUT","-.724","63.89","50.00","33.33","33.33","35' 7""","31' 1""","26' 4""","37' 6""","33' 6""","-","-","70' 5""","25' 1""","-","12' 4""","-","12' 4""","20' 1""","21' 2""","45' 10""","44' 6""","-","-","-","28' 10""","26' 4""","37' 7""","28' 10""","-","21' 7""","27' 5""","37' 7""","-","37' 7""","-","-","-"
"5/12/2013","THE PLAYERS Championship","T33","1.012","72.22","68.75","8.33","33.33","34' 4""","46' 6""","35' 7""","51' 11""","30' 9""","75' 6""","81' 10""","41' 6""","44' 1""","-","20' 2""","16' 1""","17' 1""","23' 10""","21' 5""","37' 8""","54' 2""","-","107' 6""","119' 10""","40' 11""","56' 2""","32' 11""","77' 3""","-","33' 5""","-","30' 9""","25' 5""","19' 2""","53' 6""","-","-"
"5/5/2013","Wells Fargo Championship","T6","1.173","66.67","68.42","14.29","64.29","37' 4""","42' 4""","27' 4""","48' 9""","31' 8""","34' 9""","47' 4""","39' 10""","39' 0""","27' 9""","19' 8""","10' 3""","19' 3""","31' 9""","27' 11""","33' 4""","40' 4""","-","52' 10""","37' 2""","-","46' 7""","29' 8""","47' 7""","55' 10""","12' 8""","16' 4""","30' 2""","23' 11""","7' 6""","39' 9""","-","-"
"4/28/2013","Zurich Classic of New Orl","3","1.521","81.94","75.00","16.67","75.00","34' 6""","55' 11""","62' 8""","50' 10""","29' 0""","-","48' 4""","61' 1""","37' 0""","5' 9""","8' 4""","6' 3""","7' 1""","24' 7""","12' 3""","35' 9""","43' 5""","-","106' 5""","75' 4""","83' 7""","59' 1""","14' 8""","87' 1""","43' 4""","28' 10""","29' 0""","14' 8""","-","14' 8""","-","1","11"
"4/21/2013","RBC Heritage","CUT",".632","58.33","57.14",".00",".00","35' 7""","44' 4""","35' 7""","50' 3""","28' 10""","-","-","83' 3""","11' 1""","-","-","15' 0""","15' 0""","17' 0""","29' 5""","28' 1""","59' 2""","-","-","-","79' 10""","41' 9""","68' 1""","79' 10""","38' 2""","37' 4""","35' 6""","-","-","-","-","-","-"
"4/7/2013","Valero Texas Open","79","-.280","55.56","66.67","10.00","60.00","40' 3""","45' 3""","43' 7""","46' 5""","34' 8""","77' 4""","61' 9""","38' 11""","12' 10""","21' 1""","16' 9""","21' 8""","20' 0""","30' 2""","36' 3""","31' 6""","55' 8""","-","-","41' 7""","62' 7""","43' 7""","60' 2""","57' 4""","52' 9""","26' 8""","34' 6""","37' 6""","14' 9""","60' 2""","-","-","-"
"3/31/2013","Shell Houston Open","CUT",".510","77.78","37.50",".00","25.00","35' 3""","50' 3""","60' 5""","35' 0""","28' 4""","-","81' 0""","31' 0""","21' 3""","8' 0""","17' 10""","39' 6""","19' 10""","29' 7""","21' 7""","16' 4""","42' 10""","-","84' 1""","73' 0""","-","50' 3""","-","78' 7""","-","35' 0""","24' 1""","-","-","-","-","-","-"
"3/24/2013","Arnold Palmer Invt'l","CUT","-.988","55.56","87.50","14.29","28.57","40' 6""","56' 10""","57' 11""","54' 9""","35' 0""","92' 1""","53' 4""","85' 5""","26' 10""","11' 0""","-","25' 9""","22' 1""","31' 9""","24' 8""","42' 3""","44' 6""","124' 9""","-","-","-","72' 6""","25' 7""","124' 9""","93' 2""","36' 0""","-","25' 7""","-","34' 10""","16' 3""","-","-"
"3/3/2013","The Honda Classic","T18","-.080","54.17","100.00","37.50","75.00","36' 11""","56' 11""","60' 0""","46' 2""","32' 6""","-","8' 4""","59' 8""","42' 9""","18' 4""","24' 8""","9' 7""","18' 6""","21' 2""","37' 10""","31' 11""","45' 4""","-","-","48' 1""","99' 8""","61' 11""","39' 4""","86' 10""","-","28' 3""","30' 1""","39' 4""","-","34' 10""","43' 9""","1","6"
"2/3/2013","Waste Management Phoenix","74",".248","69.44","75.00","33.33","50.00","34' 5""","24' 7""","22' 0""","28' 9""","29' 4""","-","45' 10""","50' 2""","31' 4""","-","20' 2""","24' 7""","23' 3""","27' 10""","27' 7""","20' 11""","40' 2""","-","-","-","17' 10""","25' 5""","22' 7""","17' 10""","34' 5""","28' 8""","22' 2""","22' 2""","19' 11""","23' 8""","-","-","-"
"1/27/2013","Farmers Insurance Open","CUT","-1.037","66.67","25.00","100.00","100.00","32' 6""","30' 2""","22' 3""","35' 6""","31' 6""","-","-","46' 3""","28' 5""","-","-","5' 5""","5' 5""","38' 3""","26' 1""","-","34' 4""","-","-","-","-","37' 6""","19' 3""","-","22' 2""","-","68' 2""","19' 3""","-","19' 3""","-","-","-"
"1/20/2013","Humana Challenge","CUT","-1.101","77.78","80.00","25.00","50.00","33' 8""","20' 5""","23' 0""","19' 2""","33' 7""","-","105' 9""","103' 2""","14' 8""","-","13' 9""","21' 11""","19' 2""","29' 7""","48' 3""","12' 4""","59' 7""","-","-","-","-","20' 5""","-","-","-","14' 7""","-","23' 5""","23' 5""","-","-","-","-"
"1/13/2013","Sony Open in Hawaii","T67",".415","66.67","90.00","44.44","55.56","38' 7""","46' 11""","61' 5""","36' 8""","26' 5""","-","-","-","38' 10""","14' 2""","8' 8""","11' 1""","10' 9""","17' 3""","15' 3""","39' 3""","38' 10""","-","-","59' 7""","56' 9""","50' 7""","24' 3""","57' 10""","53' 7""","46' 9""","51' 6""","23' 2""","21' 0""","24' 3""","-","-","-"
"1/7/2013","Hyundai T of C","30","-.553","79.63","68.42","46.15","38.46","44' 5""","52' 1""","48' 8""","58' 10""","39' 9""","64' 2""","12' 11""","55' 6""","56' 0""","10' 10""","31' 7""","31' 6""","29' 8""","32' 0""","33' 4""","73' 4""","52' 5""","-","-","57' 8""","72' 6""","59' 9""","28' 11""","65' 1""","-","31' 3""","111' 11""","36' 11""","44' 11""","40' 6""","5' 9""","-","-"
"11/14/2012","(*) Tyco Golf Skills Challeng","T4","-","-","-","-","-","-","-","-","-","-","-","-","-","-","-","-","-","-","-","-","-","-","-","-","-","-","-","-","-","-","-","-","-","-","-","-","-","-"
"11/4/2012","(*) WGC-HSBC Champions","T65","-","-","-","-","-","-","-","-","-","-","-","-","-","-","-","-","-","-","-","-","-","-","-","-","-","-","-","-","-","-","-","-","-","-","-","-","-","-"
"10/28/2012","(*) CIMB Classic","T41","-","-","-","-","-","-","-","-","-","-","-","-","-","-","-","-","-","-","-","-","-","-","-","-","-","-","-","-","-","-","-","-","-","-","-","-","-","-"
"9/9/2012","BMW Championship","T34",".235","72.22","62.50","40.00","60.00","30' 6""","36' 11""","19' 0""","42' 4""","28' 5""","65' 2""","63' 1""","56' 6""","37' 4""","-","13' 2""","22' 10""","21' 1""","19' 2""","21' 6""","25' 4""","45' 11""","-","-","55' 3""","27' 6""","36' 11""","-","36' 9""","84' 2""","56' 4""","25' 8""","17' 1""","17' 1""","-","-","-","-"
"9/3/2012","Deutsche Bank Champ","T42","1.121","69.44","68.75","18.18","45.45","33' 1""","49' 11""","31' 5""","60' 2""","26' 1""","65' 1""","40' 4""","14' 11""","23' 11""","-","-","21' 9""","21' 9""","21' 1""","19' 4""","39' 6""","32' 10""","-","-","-","101' 3""","50' 3""","45' 8""","101' 3""","39' 10""","34' 10""","39' 1""","22' 3""","22' 3""","-","-","1","9"
"8/26/2012","The Barclays","CUT","-.714","61.11","33.33","50.00","100.00","37' 5""","56' 0""","57' 11""","55' 6""","25' 9""","-","-","69' 8""","30' 8""","-","17' 9""","18' 4""","18' 0""","15' 4""","27' 9""","32' 9""","37' 2""","-","-","-","-","65' 9""","33' 3""","-","73' 8""","50' 11""","31' 10""","45' 7""","82' 8""","33' 1""","33' 4""","-","-"
"8/12/2012","PGA Championship","CUT","-","50.00","-","-","-","-","-","-","-","-","-","-","-","-","-","-","-","-","-","-","-","-","-","-","-","-","-","-","-","-","-","-","-","-","-","-","-","-"
"8/5/2012","WGC-Bridgestone Invit'l","T16","1.458","65.28","75.00","33.33","66.67","30' 10""","43' 9""","35' 1""","51' 7""","23' 7""","-","-","10' 6""","28' 4""","-","12' 0""","15' 6""","13' 9""","22' 4""","21' 8""","29' 4""","26' 4""","-","-","86' 0""","27' 1""","43' 9""","-","56' 7""","39' 11""","51' 4""","39' 2""","24' 7""","24' 7""","-","-","-","-"
"7/29/2012","RBC Canadian Open","T61",".751","70.83","75.00","11.11","66.67","27' 3""","26' 8""","32' 1""","23' 8""","23' 5""","-","-","29' 2""","27' 8""","16' 10""","22' 6""","14' 1""","18' 7""","17' 5""","12' 0""","31' 6""","28' 1""","-","-","-","-","29' 1""","17' 0""","-","-","34' 8""","24' 11""","26' 4""","31' 1""","9' 2""","20' 8""","-","-"
"7/22/2012","The Open Championship","T39","-","62.50","-","-","-","-","-","-","-","-","-","-","-","-","-","-","-","-","-","-","-","-","-","-","-","-","-","-","-","-","-","-","-","-","-","-","-","-"
"7/15/2012","John Deere Classic","T19","-.176","72.22","62.50","40.00","80.00","32' 2""","55' 4""","31' 6""","67' 3""","27' 9""","-","-","40' 0""","41' 3""","-","18' 0""","10' 10""","15' 4""","23' 1""","30' 10""","31' 6""","40' 11""","-","-","44' 0""","85' 0""","58' 0""","42' 2""","57' 8""","62' 11""","-","53' 11""","42' 2""","-","42' 2""","-","-","-"
"7/1/2012","AT&T National","T22","1.526","69.44","33.33",".00","66.67","30' 0""","31' 10""","30' 3""","33' 10""","27' 7""","-","-","45' 6""","38' 10""","-","20' 11""","16' 4""","16' 11""","27' 3""","23' 2""","25' 8""","41' 1""","-","-","94' 0""","17' 7""","31' 10""","-","43' 1""","26' 1""","26' 9""","38' 9""","14' 3""","14' 3""","-","-","2","12"
"6/24/2012","Travelers Championship","T60","1.497","73.61","84.62","36.36","54.55","30' 9""","34' 3""","33' 0""","36' 5""","25' 3""","-","90' 6""","23' 1""","40' 5""","52' 1""","28' 7""","16' 9""","23' 3""","17' 6""","26' 3""","17' 3""","37' 4""","-","-","75' 6""","-","34' 3""","-","75' 6""","-","-","26' 7""","43' 8""","43' 8""","-","-","-","-"
"6/17/2012","U.S. Open","CUT","-","41.67","-","-","-","-","-","-","-","-","-","-","-","-","-","-","-","-","-","-","-","-","-","-","-","-","-","-","-","-","-","-","-","-","-","-","-","-"
"6/10/2012","FedEx St. Jude Classic","T49","1.511","72.22","83.33",".00","66.67","29' 6""","28' 6""","30' 10""","26' 9""","28' 7""","-","-","10' 11""","47' 11""","-","-","20' 5""","20' 5""","26' 7""","27' 2""","36' 10""","29' 5""","-","-","53' 2""","46' 11""","29' 3""","21' 9""","49' 0""","22' 10""","22' 0""","26' 5""","24' 1""","27' 2""","14' 8""","-","2","10"
"6/3/2012","the Memorial Tournament","CUT","1.119","61.11","62.50","20.00","20.00","39' 9""","63' 10""","95' 8""","31' 11""","38' 9""","139' 7""","102' 3""","94' 10""","54' 4""","-","11' 11""","15' 2""","14' 1""","15' 10""","31' 8""","29' 10""","86' 0""","-","-","-","31' 11""","63' 10""","-","31' 11""","95' 8""","-","-","-","-","-","-","-","-"
"5/27/2012","Crowne Plaza Invitational","CUT","-2.633","52.78","66.67","25.00","75.00","44' 8""","56' 11""","49' 3""","67' 7""","35' 9""","-","-","45' 6""","53' 9""","-","22' 8""","31' 4""","29' 7""","25' 8""","31' 11""","43' 6""","48' 9""","-","56' 11""","-","48' 8""","58' 1""","50' 10""","52' 10""","80' 4""","66' 8""","61' 4""","44' 10""","38' 10""","88' 11""","12' 9""","-","-"
"5/13/2012","THE PLAYERS Championship","CUT","-1.439","61.11","87.50",".00","57.14","42' 7""","40' 11""","55' 0""","26' 9""","41' 0""","-","88' 0""","99' 10""","44' 10""","39' 11""","14' 5""","8' 7""","19' 4""","26' 10""","25' 11""","31' 8""","82' 5""","-","-","-","26' 4""","40' 11""","-","26' 4""","-","64' 11""","28' 3""","69' 3""","69' 3""","-","-","-","-"
"5/6/2012","Wells Fargo Championship","CUT","-.061","72.22","54.55","16.67","16.67","43' 8""","39' 9""","26' 10""","52' 9""","36' 7""","-","78' 4""","16' 7""","50' 7""","-","19' 4""","-","19' 4""","30' 8""","25' 6""","43' 1""","53' 3""","42' 0""","-","-","-","45' 3""","1' 7""","42' 0""","61' 8""","30' 10""","57' 11""","3' 2""","4' 9""","-","1' 7""","-","-"
"4/15/2012","RBC Heritage","T60",".059","59.72","53.33","25.00","50.00","35' 2""","42' 7""","40' 5""","44' 3""","28' 11""","-","-","68' 9""","61' 9""","12' 4""","9' 0""","19' 0""","16' 8""","22' 8""","28' 10""","34' 0""","64' 1""","154' 9""","-","30' 6""","45' 8""","43' 5""","31' 6""","77' 0""","27' 3""","25' 3""","40' 9""","31' 6""","-","-","31' 6""","-","-"
"4/8/2012","Masters Tournament","CUT","-","52.78","-","-","-","-","-","-","-","-","-","-","-","-","-","-","-","-","-","-","-","-","-","-","-","-","-","-","-","-","-","-","-","-","-","-","-","-"
"4/1/2012","Shell Houston Open","T75","-.609","72.22","78.57","9.09","36.36","43' 10""","62' 7""","60' 6""","65' 3""","40' 1""","96' 4""","94' 9""","63' 5""","44' 1""","17' 9""","15' 10""","16' 5""","16' 5""","23' 0""","28' 4""","43' 8""","71' 1""","132' 11""","97' 10""","62' 3""","-","73' 1""","25' 10""","88' 10""","-","44' 8""","-","39' 8""","67' 4""","43' 6""","8' 1""","-","-"
"3/11/2012","WGC-Cadillac Championship","T51","-.298","59.72","88.24","11.76","58.82","42' 8""","50' 4""","33' 6""","59' 7""","34' 7""","61' 1""","80' 10""","42' 8""","16' 4""","13' 9""","11' 6""","8' 0""","11' 0""","29' 6""","25' 10""","27' 10""","50' 9""","-","-","-","69' 8""","52' 6""","16' 5""","69' 8""","67' 11""","69' 2""","32' 2""","17' 5""","17' 9""","-","16' 5""","-","-"
"3/4/2012","The Honda Classic","CUT","-.173","61.11","75.00","33.33","33.33","29' 1""","40' 8""","27' 10""","47' 2""","27' 11""","-","-","16' 6""","24' 1""","4' 3""","27' 3""","24' 11""","15' 2""","24' 5""","17' 0""","47' 7""","20' 3""","-","-","-","56' 5""","47' 2""","27' 10""","56' 5""","37' 10""","-","-","27' 10""","-","27' 10""","-","-","-"
"2/26/2012","WGC-Accenture Match Play","T17","-","-","-","-","-","-","-","-","-","-","-","-","-","-","-","-","-","-","-","-","-","-","-","-","-","-","-","-","-","-","-","-","-","-","-","-","-","-"
"2/19/2012","Northern Trust Open","T24","1.434","68.06","75.00","16.67","58.33","40' 3""","47' 6""","51' 4""","43' 4""","28' 0""","82' 1""","36' 5""","50' 0""","42' 7""","-","1' 2""","18' 7""","9' 11""","16' 1""","20' 11""","28' 10""","48' 4""","-","-","48' 2""","88' 6""","46' 4""","58' 0""","68' 4""","43' 7""","53' 6""","23' 10""","40' 0""","22' 1""","-","58' 0""","-","-"
"2/5/2012","Waste Management Phoenix","1",".279","79.17","88.24","43.75","75.00","33' 10""","30' 11""","33' 2""","28' 8""","29' 6""","-","-","53' 5""","37' 7""","25' 11""","16' 11""","27' 9""","24' 2""","34' 9""","28' 7""","21' 9""","40' 5""","25' 3""","-","-","36' 6""","31' 6""","20' 10""","32' 9""","40' 2""","32' 5""","26' 5""","27' 6""","29' 8""","20' 10""","-","1","15"
"1/29/2012","Farmers Insurance Open","2",".054","79.17","75.00","22.22","77.78","31' 0""","33' 10""","25' 2""","39' 4""","29' 0""","-","55' 11""","47' 7""","28' 9""","22' 2""","3' 9""","15' 4""","13' 3""","29' 1""","31' 2""","28' 0""","41' 6""","-","111' 6""","45' 7""","-","34' 11""","25' 3""","62' 1""","39' 9""","30' 5""","18' 9""","17' 8""","10' 2""","7' 3""","43' 2""","-","-"
"1/22/2012","Humana Challenge","CUT",".138","70.37","80.00","25.00","75.00","32' 5""","23' 3""","22' 2""","24' 3""","34' 11""","-","94' 6""","48' 1""","31' 10""","-","14' 5""","12' 10""","13' 4""","20' 8""","44' 3""","7' 3""","50' 5""","-","-","-","-","22' 2""","24' 3""","-","-","22' 2""","-","24' 3""","-","24' 3""","-","-","-"
"1/15/2012","Sony Open in Hawaii","T23",".991","70.83","91.67","45.45","72.73","35' 2""","36' 1""","32' 4""","41' 11""","31' 6""","-","112' 9""","38' 2""","48' 7""","8' 7""","16' 7""","8' 11""","10' 4""","26' 11""","26' 9""","37' 11""","59' 4""","-","125' 5""","-","45' 4""","37' 1""","25' 10""","65' 4""","43' 10""","28' 2""","24' 2""","25' 10""","-","-","25' 10""","-","-"
"10/30/2011","(*) CIMB Asia Pacific Classic","T26","-","-","-","-","-","-","-","-","-","-","-","-","-","-","-","-","-","-","-","-","-","-","-","-","-","-","-","-","-","-","-","-","-","-","-","-","-","-"
"10/16/2011","The McGladrey Classic","T54","-.582","66.67","62.50","14.29","42.86","35' 1""","39' 1""","36' 7""","40' 0""","28' 3""","-","-","27' 7""","56' 4""","11' 8""","16' 1""","16' 0""","14' 11""","27' 9""","28' 7""","27' 4""","46' 9""","-","-","99' 9""","59' 8""","39' 2""","38' 8""","79' 9""","73' 6""","35' 5""","26' 0""","29' 11""","12' 6""","31' 0""","61' 6""","1","8"
"10/2/2011","Justin Timberlake","T10","1.297","81.94","81.25","23.08","76.92","29' 11""","32' 11""","43' 11""","30' 6""","26' 10""","-","25' 1""","63' 8""","35' 4""","5' 0""","19' 10""","20' 3""","18' 1""","23' 7""","20' 0""","26' 10""","43' 9""","-","112' 6""","43' 9""","-","32' 11""","-","60' 11""","39' 10""","24' 11""","24' 5""","32' 4""","32' 4""","-","-","-","-"
"9/18/2011","BMW Championship","T22",".496","59.72","41.67","20.00","60.00","29' 10""","46' 3""","36' 11""","49' 1""","26' 7""","-","-","33' 7""","27' 10""","18' 2""","5' 2""","14' 10""","12' 10""","24' 8""","29' 9""","36' 10""","29' 11""","-","-","97' 1""","42' 11""","48' 2""","35' 11""","79' 0""","40' 6""","46' 7""","-","27' 4""","18' 9""","-","35' 11""","1","6"
"9/5/2011","Deutsche Bank Champ","T10","1.385","73.61","75.00","16.67","41.67","31' 10""","49' 9""","51' 8""","47' 6""","26' 0""","113' 4""","51' 8""","36' 11""","33' 3""","-","7' 5""","16' 8""","15' 7""","16' 11""","25' 4""","26' 4""","40' 7""","133' 9""","-","-","59' 8""","49' 9""","-","96' 9""","55' 1""","29' 11""","35' 3""","28' 6""","28' 6""","-","-","2","17"
"8/28/2011","The Barclays","T24","-.056","74.07","-","20.00","86.67","41' 7""","34' 6""","68' 8""","21' 8""","37' 2""","103' 7""","47' 10""","84' 9""","52' 3""","-","22' 7""","27' 5""","25' 9""","17' 2""","31' 8""","44' 0""","61' 1""","34' 5""","-","137' 1""","11' 4""","37' 0""","9' 6""","60' 11""","39' 4""","19' 4""","-","26' 7""","35' 2""","-","9' 6""","-","-"
"8/21/2011","Wyndham Championship","CUT","-.988","69.44","100.00","50.00","25.00","38' 10""","51' 10""","38' 5""","63' 1""","29' 5""","-","-","49' 5""","62' 8""","-","-","10' 8""","10' 8""","17' 3""","26' 1""","35' 9""","52' 9""","-","-","84' 2""","48' 3""","51' 10""","-","60' 3""","48' 9""","59' 2""","32' 11""","-","-","-","-","-","-"
"7/31/2011","The Greenbrier Classic","T9","1.013","73.61","87.50",".00","71.43","31' 2""","47' 10""","52' 10""","32' 10""","26' 7""","36' 6""","50' 4""","51' 5""","44' 2""","-","27' 10""","13' 8""","14' 7""","18' 4""","26' 3""","29' 2""","46' 3""","-","-","136' 7""","-","48' 10""","40' 8""","136' 7""","36' 1""","44' 3""","36' 8""","34' 4""","25' 9""","68' 6""","-","2","11"
"7/17/2011","The Open Championship","T44","-","59.72","-","-","-","-","-","-","-","-","-","-","-","-","-","-","-","-","-","-","-","-","-","-","-","-","-","-","-","-","-","-","-","-","-","-","-","-"
"7/10/2011","John Deere Classic","2","1.573","75.00","81.25","46.15","69.23","26' 1""","40' 11""","-","40' 11""","24' 0""","-","59' 9""","39' 6""","36' 6""","10' 2""","10' 8""","8' 9""","9' 5""","20' 4""","25' 5""","25' 6""","39' 5""","-","-","-","59' 3""","40' 11""","-","59' 3""","-","22' 6""","-","-","-","-","-","-","-"
"7/3/2011","AT&T National","T34",".164","62.50","77.78","28.57","71.43","40' 3""","51' 1""","48' 2""","53' 2""","29' 4""","32' 1""","-","51' 8""","40' 8""","12' 1""","20' 6""","13' 7""","15' 7""","26' 8""","26' 8""","34' 6""","42' 6""","-","-","-","-","53' 5""","33' 5""","-","28' 3""","66' 4""","51' 1""","45' 7""","50' 1""","33' 5""","-","-","-"
"6/26/2011","Travelers Championship","CUT",".613","72.22","83.33","40.00","60.00","25' 10""","20' 11""","28' 10""","18' 4""","26' 6""","-","79' 5""","50' 4""","32' 0""","19' 8""","15' 2""","15' 1""","16' 3""","18' 7""","19' 8""","30' 6""","49' 1""","-","-","-","-","20' 11""","-","-","-","-","26' 3""","4' 11""","4' 11""","-","-","-","-"
"6/5/2011","the Memorial Tournament","T37",".296","69.44","70.59","33.33","50.00","34' 0""","50' 2""","41' 8""","84' 6""","29' 11""","-","73' 5""","43' 8""","53' 11""","3' 5""","8' 2""","15' 4""","12' 4""","19' 9""","26' 8""","30' 8""","56' 1""","-","-","-","49' 1""","50' 2""","-","49' 1""","78' 8""","16' 8""","10' 1""","31' 3""","31' 3""","-","-","1","20"
"5/29/2011","HP Byron Nelson Champ","T55",".118","59.72","72.73","11.11","55.56","39' 3""","41' 1""","31' 5""","45' 11""","35' 10""","-","78' 10""","61' 0""","39' 8""","-","29' 11""","25' 11""","26' 8""","31' 7""","30' 0""","39' 0""","50' 8""","-","65' 6""","50' 1""","-","46' 4""","6' 11""","55' 3""","68' 2""","21' 1""","43' 6""","6' 11""","-","10' 2""","3' 8""","1","5"
"5/22/2011","Crowne Plaza Invitational","T52",".274","69.44","60.00","14.29","71.43","35' 7""","46' 10""","52' 2""","42' 6""","28' 4""","59' 9""","-","19' 10""","46' 7""","13' 10""","31' 2""","15' 1""","18' 6""","20' 10""","25' 2""","31' 4""","43' 10""","62' 8""","38' 4""","78' 6""","53' 0""","52' 10""","19' 10""","64' 11""","-","59' 3""","37' 8""","30' 4""","38' 2""","7' 1""","26' 4""","2","27"
"5/8/2011","Wells Fargo Championship","T45",".216","66.67","66.67","6.25","56.25","41' 0""","43' 8""","42' 11""","44' 5""","32' 5""","-","70' 8""","39' 6""","45' 11""","19' 5""","-","34' 4""","30' 7""","26' 10""","17' 9""","27' 8""","45' 0""","66' 3""","79' 4""","57' 8""","45' 10""","48' 8""","24' 8""","60' 0""","74' 0""","48' 10""","34' 3""","23' 4""","17' 7""","25' 7""","28' 0""","2","18"
"5/1/2011","Zurich Classic of New Orl","CUT",".063","58.33","62.50",".00","66.67","34' 0""","42' 2""","9' 3""","53' 1""","30' 2""","46' 5""","41' 4""","52' 4""","44' 3""","-","17' 8""","11' 0""","13' 11""","24' 11""","54' 2""","22' 9""","46' 0""","-","-","106' 8""","-","53' 1""","9' 3""","106' 8""","-","20' 0""","32' 7""","-","-","-","-","1","16"
"4/24/2011","The Heritage","CUT",".392","55.56","42.86",".00","33.33","36' 8""","67' 6""","112' 1""","23' 0""","31' 4""","-","63' 4""","50' 8""","50' 7""","-","-","25' 9""","25' 9""","22' 0""","22' 8""","36' 7""","53' 10""","-","-","78' 9""","-","87' 9""","6' 10""","78' 9""","39' 2""","-","145' 4""","6' 10""","-","-","6' 10""","-","-"
"4/17/2011","Valero Texas Open","CUT",".342","52.78","40.00","16.67","33.33","44' 10""","54' 0""","89' 10""","30' 1""","35' 4""","16' 7""","-","-","50' 7""","3' 11""","16' 7""","24' 0""","15' 6""","30' 10""","41' 8""","45' 7""","42' 1""","148' 6""","-","-","33' 7""","59' 8""","31' 1""","91' 1""","21' 5""","-","35' 3""","31' 1""","-","-","31' 1""","-","-"
"4/3/2011","Shell Houston Open","T60","-.066","75.00","42.11",".00","37.50","33' 7""","37' 10""","30' 5""","44' 1""","27' 9""","94' 4""","-","32' 11""","38' 4""","11' 9""","9' 3""","26' 2""","13' 1""","16' 1""","29' 7""","29' 10""","46' 2""","-","78' 7""","39' 6""","-","39' 9""","18' 10""","65' 7""","-","31' 11""","33' 3""","22' 4""","23' 6""","-","18' 10""","1","6"
"3/27/2011","Arnold Palmer Invt'l","T12",".906","70.83","43.75","28.57","57.14","35' 0""","37' 9""","41' 4""","35' 7""","33' 2""","52' 8""","124' 2""","63' 0""","38' 1""","9' 4""","16' 2""","16' 6""","15' 9""","26' 7""","21' 11""","33' 5""","53' 2""","-","-","-","-","38' 1""","35' 6""","-","43' 8""","-","-","19' 11""","4' 4""","-","35' 6""","-","-"
"3/20/2011","Transitions Championship","CUT",".710","69.44","50.00","25.00","75.00","34' 5""","53' 6""","68' 5""","47' 7""","29' 7""","83' 10""","30' 8""","27' 2""","35' 5""","21' 0""","-","19' 4""","19' 9""","16' 1""","35' 4""","30' 0""","39' 4""","94' 4""","-","-","-","53' 6""","-","94' 4""","57' 1""","56' 2""","34' 3""","42' 6""","42' 6""","-","-","-","-"
"3/13/2011","Puerto Rico Open","T28","-","-","-","-","-","-","-","-","-","-","-","-","-","-","-","-","-","-","-","-","-","-","-","-","-","-","-","-","-","-","-","-","-","-","-","-","-","-"
"3/6/2011","The Honda Classic","T24","2.212","65.28","36.36","50.00","75.00","32' 6""","31' 2""","31' 4""","31' 0""","29' 5""","-","-","30' 0""","27' 5""","13' 8""","29' 2""","20' 11""","21' 10""","22' 11""","40' 4""","33' 9""","28' 9""","-","-","-","33' 6""","31' 8""","21' 8""","33' 6""","34' 10""","32' 3""","6' 3""","29' 3""","31' 9""","-","21' 8""","3","21"
"2/27/2011","Mayakoba Golf Classic","T13","-","-","-","-","-","-","-","-","-","-","-","-","-","-","-","-","-","-","-","-","-","-","-","-","-","-","-","-","-","-","-","-","-","-","-","-","-","-"
"2/13/2011","AT&T Pebble Beach","T48","1.219","72.22","100.00","25.00","62.50","32' 7""","49' 5""","20' 5""","56' 8""","28' 0""","93' 5""","-","54' 6""","35' 0""","-","25' 2""","15' 10""","19' 7""","21' 2""","19' 1""","17' 11""","48' 0""","-","-","73' 6""","-","49' 5""","-","73' 6""","46' 9""","-","-","26' 9""","26' 9""","-","-","-","-"
"1/30/2011","Farmers Insurance Open","T51","-.203","58.33","33.33",".00","50.00","41' 3""","59' 5""","48' 3""","65' 1""","25' 3""","-","-","63' 8""","35' 11""","33' 9""","22' 0""","12' 7""","19' 1""","28' 3""","13' 10""","26' 3""","40' 7""","103' 3""","-","123' 0""","68' 0""","66' 1""","19' 6""","92' 2""","59' 5""","57' 4""","55' 0""","16' 11""","9' 2""","25' 4""","8' 0""","3","8"
"1/23/2011","Bob Hope Classic","T29",".251","75.56","81.82","33.33","66.67","30' 4""","78' 11""","82' 1""","77' 10""","23' 8""","-","91' 5""","56' 10""","25' 5""","-","14' 3""","17' 11""","15' 2""","20' 10""","18' 1""","19' 10""","39' 4""","-","-","100' 10""","-","78' 11""","-","100' 10""","57' 0""","-","-","-","-","-","-","-","-"
"1/16/2011","Sony Open in Hawaii","T68","-.202","72.22","75.00","25.00","75.00","38' 7""","59' 4""","73' 6""","35' 8""","30' 3""","-","-","-","56' 8""","-","-","3' 8""","3' 8""","27' 4""","20' 11""","36' 11""","56' 8""","-","-","-","77' 4""","63' 11""","26' 9""","77' 4""","76' 3""","47' 2""","-","26' 9""","-","26' 9""","-","-","-"
"12/6/2010","(*) PGA TOUR Qualifying Tourn","T9","-","-","-","-","-","-","-","-","-","-","-","-","-","-","-","-","-","-","-","-","-","-","-","-","-","-","-","-","-","-","-","-","-","-","-","-","-","-"
"5/30/2010","Crowne Plaza Invitational","T27","1.299","70.83","55.56","50.00","100.00","29' 6""","33' 9""","20' 3""","42' 9""","26' 0""","57' 2""","-","22' 3""","35' 4""","-","24' 7""","12' 5""","15' 11""","20' 10""","26' 9""","23' 1""","37' 6""","-","-","-","-","38' 9""","23' 9""","-","36' 7""","48' 6""","19' 10""","23' 9""","-","32' 1""","18' 2""","-","-"
"2/21/2010","Mayakoba Golf Classic","CUT","-","-","-","-","-","-","-","-","-","-","-","-","-","-","-","-","-","-","-","-","-","-","-","-","-","-","-","-","-","-","-","-","-","-","-","-","-","-"
"2/14/2010","AT&T Pebble Beach","CUT","-.293","75.93","75.00",".00","66.67","30' 8""","36' 7""","59' 5""","13' 8""","30' 0""","65' 4""","-","49' 8""","23' 0""","-","12' 9""","27' 10""","24' 10""","29' 8""","17' 8""","27' 8""","46' 11""","-","-","-","59' 5""","59' 5""","13' 8""","59' 5""","-","-","-","13' 8""","-","13' 8""","-","1","-"
"10/18/2009","Justin Timberlake","T27",".502","80.56","94.12","37.50","75.00","36' 7""","55' 1""","38' 9""","60' 7""","27' 9""","-","51' 3""","51' 8""","40' 0""","-","10' 2""","20' 5""","19' 2""","16' 6""","27' 11""","20' 11""","45' 4""","93' 7""","-","-","66' 8""","55' 1""","-","80' 2""","69' 5""","45' 3""","34' 0""","92' 3""","92' 3""","-","-","-","-"
"8/23/2009","Wyndham Championship","CUT","-1.203","72.22","100.00","50.00","50.00","42' 5""","59' 8""","137' 1""","48' 7""","30' 3""","-","-","53' 5""","40' 2""","5' 3""","-","49' 3""","38' 3""","24' 8""","18' 10""","49' 0""","44' 7""","-","-","-","96' 9""","59' 8""","-","96' 9""","-","54' 11""","9' 2""","-","-","-","-","-","-"
"7/19/2009","U.S. Bank in Milwaukee","T65",".972","73.61","71.43","30.00","80.00","35' 8""","42' 11""","38' 7""","45' 9""","32' 7""","93' 4""","53' 2""","-","52' 7""","23' 8""","12' 3""","14' 10""","16' 6""","10' 4""","27' 6""","40' 8""","56' 1""","140' 11""","108' 10""","42' 7""","43' 7""","44' 4""","30' 1""","66' 6""","35' 10""","8' 11""","16' 6""","42' 6""","43' 7""","39' 0""","-","-","-"
"7/12/2009","John Deere Classic","T34","-.772","65.28","50.00","28.57","71.43","33' 1""","67' 0""","157' 2""","44' 5""","29' 4""","-","59' 11""","13' 6""","51' 5""","34' 10""","9' 8""","22' 1""","19' 6""","27' 11""","28' 5""","30' 3""","49' 4""","-","-","-","58' 7""","67' 0""","-","58' 7""","29' 8""","157' 2""","30' 11""","-","-","-","-","1","9"
"6/28/2009","Travelers Championship","T19","1.226","79.17","69.23","22.22","55.56","29' 11""","40' 3""","40' 10""","39' 7""","25' 10""","-","26' 7""","35' 9""","41' 11""","-","15' 2""","13' 0""","13' 7""","25' 1""","27' 3""","30' 1""","37' 2""","-","-","-","68' 3""","42' 6""","19' 11""","68' 3""","67' 10""","47' 9""","37' 2""","16' 4""","12' 9""","-","19' 11""","2","21"
"6/21/2009","U.S. Open Championship","53","-","65.28","-","-","-","-","-","-","-","-","-","-","-","-","-","-","-","-","-","-","-","-","-","-","-","-","-","-","-","-","-","-","-","-","-","-","-","-"
"3/29/2009","Arnold Palmer Invt'l","CUT","-.131","58.33","25.00",".00","100.00","34' 4""","39' 2""","48' 8""","34' 5""","30' 1""","-","-","88' 1""","35' 11""","-","33' 9""","17' 9""","21' 9""","21' 7""","15' 9""","31' 1""","43' 4""","-","-","-","30' 0""","41' 5""","14' 8""","30' 0""","52' 9""","33' 11""","39' 10""","14' 8""","-","14' 8""","-","-","-"
"6/15/2008","U.S. Open Championship","CUT","-","61.11","-","-","-","-","-","-","-","-","-","-","-","-","-","-","-","-","-","-","-","-","-","-","-","-","-","-","-","-","-","-","-","-","-","-","-","-"
"3/18/2007","Arnold Palmer Invt'l","CUT","-2.559","44.44","50.00",".00",".00","43' 3""","46' 8""","57' 7""","39' 5""","37' 0""","-","-","71' 1""","39' 4""","34' 5""","15' 6""","16' 11""","18' 10""","36' 1""","45' 4""","46' 7""","47' 3""","-","-","-","-","48' 6""","30' 5""","-","74' 2""","49' 2""","54' 9""","26' 11""","25' 2""","30' 5""","-","-","-"